<?xml version="1.0" encoding="UTF-8"?>
<metadata xml:lang="fr"><Esri><CreaDate>20210713</CreaDate><CreaTime>22544500</CreaTime><ArcGISFormat>1.0</ArcGISFormat><SyncOnce>FALSE</SyncOnce><DataProperties><itemProps><itemName Sync="TRUE">DDE_STF_20K_EFE_VUE_S</itemName><imsContentType Sync="TRUE">002</imsContentType><itemLocation><linkage Sync="TRUE">file://\\Vulcain\RAIGEOP\Depot_Dde\Catalogue du systeme DDE\Couches de données\Subdivision territoriale forestière\ÉCOSYSTÈME FORESTIER EXCEPTIONNEL {O}\FGDB.CCL\EFE_PROV\EFE_PROV.gdb</linkage><protocol Sync="TRUE">Local Area Network</protocol></itemLocation></itemProps><coordRef><type Sync="TRUE">Projected</type><geogcsn Sync="TRUE">GCS_North_American_1983</geogcsn><csUnits Sync="TRUE">Linear Unit: Meter (1.000000)</csUnits><projcsn Sync="TRUE">NAD_1983_Quebec_Lambert</projcsn><peXml Sync="TRUE">&lt;ProjectedCoordinateSystem xsi:type='typens:ProjectedCoordinateSystem' xmlns:xsi='http://www.w3.org/2001/XMLSchema-instance' xmlns:xs='http://www.w3.org/2001/XMLSchema' xmlns:typens='http://www.esri.com/schemas/ArcGIS/10.4'&gt;&lt;WKT&gt;PROJCS[&amp;quot;NAD_1983_Quebec_Lambert&amp;quot;,GEOGCS[&amp;quot;GCS_North_American_1983&amp;quot;,DATUM[&amp;quot;D_North_American_1983&amp;quot;,SPHEROID[&amp;quot;GRS_1980&amp;quot;,6378137.0,298.257222101]],PRIMEM[&amp;quot;Greenwich&amp;quot;,0.0],UNIT[&amp;quot;Degree&amp;quot;,0.0174532925199433]],PROJECTION[&amp;quot;Lambert_Conformal_Conic&amp;quot;],PARAMETER[&amp;quot;False_Easting&amp;quot;,0.0],PARAMETER[&amp;quot;False_Northing&amp;quot;,0.0],PARAMETER[&amp;quot;Central_Meridian&amp;quot;,-68.5],PARAMETER[&amp;quot;Standard_Parallel_1&amp;quot;,46.0],PARAMETER[&amp;quot;Standard_Parallel_2&amp;quot;,60.0],PARAMETER[&amp;quot;Latitude_Of_Origin&amp;quot;,44.0],UNIT[&amp;quot;Meter&amp;quot;,1.0],AUTHORITY[&amp;quot;EPSG&amp;quot;,32198]]&lt;/WKT&gt;&lt;XOrigin&gt;-35683500&lt;/XOrigin&gt;&lt;YOrigin&gt;-29917500&lt;/YOrigin&gt;&lt;XYScale&gt;10000&lt;/XYScale&gt;&lt;ZOrigin&gt;-100000&lt;/ZOrigin&gt;&lt;ZScale&gt;10000&lt;/ZScale&gt;&lt;MOrigin&gt;-100000&lt;/MOrigin&gt;&lt;MScale&gt;10000&lt;/MScale&gt;&lt;XYTolerance&gt;0.001&lt;/XYTolerance&gt;&lt;ZTolerance&gt;0.001&lt;/ZTolerance&gt;&lt;MTolerance&gt;0.001&lt;/MTolerance&gt;&lt;HighPrecision&gt;true&lt;/HighPrecision&gt;&lt;WKID&gt;32198&lt;/WKID&gt;&lt;LatestWKID&gt;32198&lt;/LatestWKID&gt;&lt;/ProjectedCoordinateSystem&gt;</peXml></coordRef><lineage><Process ToolSource="c:\program files (x86)\arcgis\desktop10.4\ArcToolbox\Toolboxes\Conversion Tools.tbx\FeatureClassToFeatureClass" Date="20190329" Time="102441">FeatureClassToFeatureClass DDE_STF_20K_EFE_VUE_S C:\MrnMicro\Temp\APG\Vectoriel\5974319\55100e5b-8094-4c60-8d66-8992fc666dbd.gdb DDE_STF_20K_EFE_VUE_S # "NO_EFE "NO_EFE" true true false 2 Short 0 4 ,First,#,DDE_STF_20K_EFE_VUE_S,NO_EFE,-1,-1;STATUT "STATUT" true true false 16 Text 0 0 ,First,#,DDE_STF_20K_EFE_VUE_S,STATUT,-1,-1;SUPERFICIE "SUPERFICIE" true true false 8 Double 1 9 ,First,#,DDE_STF_20K_EFE_VUE_S,SUPERFICIE,-1,-1;TYPE "TYPE" true true false 20 Text 0 0 ,First,#,DDE_STF_20K_EFE_VUE_S,TYPE,-1,-1;NOM_SITE "NOM_SITE" true true false 50 Text 0 0 ,First,#,DDE_STF_20K_EFE_VUE_S,NOM_SITE,-1,-1;NO_REG_ADM "NO_REG_ADM" true true false 2 Text 0 0 ,First,#,DDE_STF_20K_EFE_VUE_S,NO_REG_ADM,-1,-1;NO_REG_FOR "NO_REG_FOR" true true false 2 Text 0 0 ,First,#,DDE_STF_20K_EFE_VUE_S,NO_REG_FOR,-1,-1;DTMAJ "DTMAJ" true true false 8 Date 0 0 ,First,#,DDE_STF_20K_EFE_VUE_S,DTMAJ,-1,-1;DATE_PUBLI "DATE_PUBLI" true true false 8 Date 0 0 ,First,#,DDE_STF_20K_EFE_VUE_S,DATE_PUBLI,-1,-1;SHAPE_AREA "SHAPE_AREA" false true true 0 Double 0 0 ,First,#,DDE_STF_20K_EFE_VUE_S,SHAPE.AREA,-1,-1;SHAPE_LEN "SHAPE_LEN" false true true 0 Double 0 0 ,First,#,DDE_STF_20K_EFE_VUE_S,SHAPE.LEN,-1,-1" #</Process><Process ToolSource="c:\program files (x86)\arcgis\desktop10.4\ArcToolbox\Toolboxes\Data Management Tools.tbx\Project" Date="20190329" Time="102443">Project C:\Mrnmicro\Temp\APG\Vectoriel\5974319\55100e5b-8094-4c60-8d66-8992fc666dbd.gdb\DDE_STF_20K_EFE_VUE_S C:\MrnMicro\Temp\APG\Vectoriel\5974319\55100e5b-8094-4c60-8d66-8992fc666dbd.gdb\DDE_STF_20K_EFE_VUE_S_PROJETE "PROJCS['NAD_1983_Quebec_Lambert',GEOGCS['GCS_North_American_1983',DATUM['D_North_American_1983',SPHEROID['GRS_1980',6378137.0,298.257222101]],PRIMEM['Greenwich',0.0],UNIT['Degree',0.0174532925199433]],PROJECTION['Lambert_Conformal_Conic'],PARAMETER['False_Easting',0.0],PARAMETER['False_Northing',0.0],PARAMETER['Central_Meridian',-68.5],PARAMETER['Standard_Parallel_1',46.0],PARAMETER['Standard_Parallel_2',60.0],PARAMETER['Latitude_Of_Origin',44.0],UNIT['Meter',1.0]];-35683500 -29917500 10000;-100000 8000;-100000 8000;0,001;0,002;0,002;IsHighPrecision" # PROJCS['NAD_1983_Quebec_Lambert(ÉPEL/PROTO)',GEOGCS['GCS_North_American_1983',DATUM['NAD 83',SPHEROID['GRS 80',6378137.0,298.257222101]],PRIMEM['Greenwich',0.0],UNIT['Decimal_Degree',0.0174532925199433]],PROJECTION['Lambert_Conformal_Conic'],PARAMETER['False_Easting',0.0],PARAMETER['False_Northing',0.0],PARAMETER['Central_Meridian',-68.5],PARAMETER['Standard_Parallel_1',46.0],PARAMETER['Standard_Parallel_2',60.0],PARAMETER['Latitude_Of_Origin',44.0],UNIT['Meter',1.0]] NO_PRESERVE_SHAPE # NO_VERTICAL</Process><Process ToolSource="c:\program files (x86)\arcgis\desktop10.4\ArcToolbox\Toolboxes\Data Management Tools.tbx\CopyFeatures" Date="20190329" Time="102451">CopyFeatures C:\Mrnmicro\Temp\APG\Vectoriel\5974319\55100e5b-8094-4c60-8d66-8992fc666dbd.gdb\DDE_STF_20K_EFE_VUE_S "\\Vulcain\RAIGEOP\Depot_Dde\Catalogue du systeme DDE\Couches de données\Subdivision territoriale forestière\ÉCOSYSTÈME FORESTIER EXCEPTIONNEL {O}\FGDB.CCL\EFE_PROV\EFE_PROV.gdb\DDE_STF_20K_EFE_VUE_S" # 0 0 0</Process><Process ToolSource="c:\program files (x86)\arcgis\desktop10.7\ArcToolbox\Toolboxes\Data Management Tools.tbx\CalculateField" Date="20210713" Time="225412">CalculateField EFE_Baseline_Saint_Bruno_Selected_poly FID_ID 1 VB #</Process></lineage></DataProperties><SyncDate>20190329</SyncDate><SyncTime>10244900</SyncTime><ModDate>20190329</ModDate><ModTime>10244900</ModTime></Esri><dataIdInfo><envirDesc Sync="TRUE">Microsoft Windows Server 2008 R2 Version 6.1 (Build 7601) Service Pack 1; Esri ArcGIS 10.4.1.5686</envirDesc><dataLang><languageCode value="fra" Sync="TRUE"></languageCode><countryCode value="CAN" Sync="TRUE"></countryCode></dataLang><idCitation><resTitle Sync="TRUE">DDE_STF_20K_EFE_VUE_S</resTitle><presForm><PresFormCd value="005" Sync="TRUE"></PresFormCd></presForm></idCitation><spatRpType><SpatRepTypCd value="001" Sync="TRUE"></SpatRepTypCd></spatRpType></dataIdInfo><mdLang><languageCode value="fra" Sync="TRUE"></languageCode><countryCode value="CAN" Sync="TRUE"></countryCode></mdLang><distInfo><distFormat><formatName Sync="TRUE">Classe d’entités de géodatabase fichier</formatName></distFormat></distInfo><mdHrLv><ScopeCd value="005" Sync="TRUE"></ScopeCd></mdHrLv><mdHrLvName Sync="TRUE">dataset</mdHrLvName><refSysInfo><RefSystem><refSysID><identCode code="32198" Sync="TRUE"></identCode><idCodeSpace Sync="TRUE">EPSG</idCodeSpace><idVersion Sync="TRUE">8.3.1(8.1.0)</idVersion></refSysID></RefSystem></refSysInfo><spatRepInfo><VectSpatRep><geometObjs Name="DDE_STF_20K_EFE_VUE_S"><geoObjTyp><GeoObjTypCd value="002" Sync="TRUE"></GeoObjTypCd></geoObjTyp><geoObjCnt Sync="TRUE">0</geoObjCnt></geometObjs><topLvl><TopoLevCd value="001" Sync="TRUE"></TopoLevCd></topLvl></VectSpatRep></spatRepInfo><spdoinfo><ptvctinf><esriterm Name="DDE_STF_20K_EFE_VUE_S"><efeatyp Sync="TRUE">Simple</efeatyp><efeageom code="4" Sync="TRUE"></efeageom><esritopo Sync="TRUE">FALSE</esritopo><efeacnt Sync="TRUE">0</efeacnt><spindex Sync="TRUE">TRUE</spindex><linrefer Sync="TRUE">FALSE</linrefer></esriterm></ptvctinf></spdoinfo><eainfo><detailed Name="DDE_STF_20K_EFE_VUE_S"><enttyp><enttypl Sync="TRUE">DDE_STF_20K_EFE_VUE_S</enttypl><enttypt Sync="TRUE">Feature Class</enttypt><enttypc Sync="TRUE">0</enttypc></enttyp><attr><attrlabl Sync="TRUE">OBJECTID</attrlabl><attalias Sync="TRUE">OBJECTID</attalias><attrtype Sync="TRUE">OID</attrtype><attwidth Sync="TRUE">4</attwidth><atprecis Sync="TRUE">0</atprecis><attscale Sync="TRUE">0</attscale><attrdef Sync="TRUE">Internal feature number.</attrdef><attrdefs Sync="TRUE">Esri</attrdefs><attrdomv><udom Sync="TRUE">Sequential unique whole numbers that are automatically generated.</udom></attrdomv></attr><attr><attrlabl Sync="TRUE">Shape</attrlabl><attalias Sync="TRUE">Shape</attalias><attrtype Sync="TRUE">Geometry</attrtype><attwidth Sync="TRUE">0</attwidth><atprecis Sync="TRUE">0</atprecis><attscale Sync="TRUE">0</attscale><attrdef Sync="TRUE">Feature geometry.</attrdef><attrdefs Sync="TRUE">Esri</attrdefs><attrdomv><udom Sync="TRUE">Coordinates defining the features.</udom></attrdomv></attr><attr><attrlabl Sync="TRUE">NO_EFE</attrlabl><attalias Sync="TRUE">NO_EFE</attalias><attrtype Sync="TRUE">SmallInteger</attrtype><attwidth Sync="TRUE">2</attwidth><atprecis Sync="TRUE">0</atprecis><attscale Sync="TRUE">0</attscale></attr><attr><attrlabl Sync="TRUE">STATUT</attrlabl><attalias Sync="TRUE">STATUT</attalias><attrtype Sync="TRUE">String</attrtype><attwidth Sync="TRUE">16</attwidth><atprecis Sync="TRUE">0</atprecis><attscale Sync="TRUE">0</attscale></attr><attr><attrlabl Sync="TRUE">SUPERFICIE</attrlabl><attalias Sync="TRUE">SUPERFICIE</attalias><attrtype Sync="TRUE">Double</attrtype><attwidth Sync="TRUE">8</attwidth><atprecis Sync="TRUE">0</atprecis><attscale Sync="TRUE">0</attscale></attr><attr><attrlabl Sync="TRUE">TYPE</attrlabl><attalias Sync="TRUE">TYPE</attalias><attrtype Sync="TRUE">String</attrtype><attwidth Sync="TRUE">20</attwidth><atprecis Sync="TRUE">0</atprecis><attscale Sync="TRUE">0</attscale></attr><attr><attrlabl Sync="TRUE">NOM_SITE</attrlabl><attalias Sync="TRUE">NOM_SITE</attalias><attrtype Sync="TRUE">String</attrtype><attwidth Sync="TRUE">50</attwidth><atprecis Sync="TRUE">0</atprecis><attscale Sync="TRUE">0</attscale></attr><attr><attrlabl Sync="TRUE">NO_REG_ADM</attrlabl><attalias Sync="TRUE">NO_REG_ADM</attalias><attrtype Sync="TRUE">String</attrtype><attwidth Sync="TRUE">2</attwidth><atprecis Sync="TRUE">0</atprecis><attscale Sync="TRUE">0</attscale></attr><attr><attrlabl Sync="TRUE">NO_REG_FOR</attrlabl><attalias Sync="TRUE">NO_REG_FOR</attalias><attrtype Sync="TRUE">String</attrtype><attwidth Sync="TRUE">2</attwidth><atprecis Sync="TRUE">0</atprecis><attscale Sync="TRUE">0</attscale></attr><attr><attrlabl Sync="TRUE">DTMAJ</attrlabl><attalias Sync="TRUE">DTMAJ</attalias><attrtype Sync="TRUE">Date</attrtype><attwidth Sync="TRUE">8</attwidth><atprecis Sync="TRUE">0</atprecis><attscale Sync="TRUE">0</attscale></attr><attr><attrlabl Sync="TRUE">DATE_PUBLI</attrlabl><attalias Sync="TRUE">DATE_PUBLI</attalias><attrtype Sync="TRUE">Date</attrtype><attwidth Sync="TRUE">8</attwidth><atprecis Sync="TRUE">0</atprecis><attscale Sync="TRUE">0</attscale></attr><attr><attrlabl Sync="TRUE">Shape_Length</attrlabl><attalias Sync="TRUE">Shape_Length</attalias><attrtype Sync="TRUE">Double</attrtype><attwidth Sync="TRUE">8</attwidth><atprecis Sync="TRUE">0</atprecis><attscale Sync="TRUE">0</attscale><attrdef Sync="TRUE">Length of feature in internal units.</attrdef><attrdefs Sync="TRUE">Esri</attrdefs><attrdomv><udom Sync="TRUE">Positive real numbers that are automatically generated.</udom></attrdomv></attr><attr><attrlabl Sync="TRUE">Shape_Area</attrlabl><attalias Sync="TRUE">Shape_Area</attalias><attrtype Sync="TRUE">Double</attrtype><attwidth Sync="TRUE">8</attwidth><atprecis Sync="TRUE">0</atprecis><attscale Sync="TRUE">0</attscale><attrdef Sync="TRUE">Area of feature in internal units squared.</attrdef><attrdefs Sync="TRUE">Esri</attrdefs><attrdomv><udom Sync="TRUE">Positive real numbers that are automatically generated.</udom></attrdomv></attr></detailed></eainfo><mdDateSt Sync="TRUE">20190329</mdDateSt></metadata>
