<?xml version="1.0" encoding="UTF-8"?>
<metadata xml:lang="en"><Esri><CreaDate>20211220</CreaDate><CreaTime>17390900</CreaTime><ArcGISFormat>1.0</ArcGISFormat><SyncOnce>TRUE</SyncOnce><DataProperties><lineage><Process ToolSource="c:\program files (x86)\arcgis\desktop10.7\ArcToolbox\Toolboxes\Data Management Tools.tbx\CalculateField" Date="20211220" Time="173909">CalculateField Target_Polygons_MSB REF_ID 1 VB #</Process><Process ToolSource="c:\program files (x86)\arcgis\desktop10.7\ArcToolbox\Toolboxes\Data Management Tools.tbx\CalculateField" Date="20211220" Time="174411">CalculateField Target_Polygons_MSB REF_ID 4 VB #</Process></lineage></DataProperties></Esri></metadata>
